Date,Open,High,Low,Close,Adj Close,Volume
4/4/2013,387.450012,388.299988,369.649994,372.75,330.662018,3285122
4/5/2013,371.125,382.399994,371.125,378.475006,335.740631,2671716
4/8/2013,378.475006,383.5,370.549988,372.674988,330.595459,1505430
4/9/2013,375.625,377.399994,369.299988,370.25,328.444275,2253782
4/10/2013,371,385.875,368.25,382.5,339.311157,1898240
4/11/2013,384.899994,396.850006,383.5,395.350006,350.710175,2612044
4/12/2013,379.5,390.649994,379.375,388.049988,344.234406,4798608
4/15/2013,387.5,392,381.625,382.475006,339.28891,4912316
4/16/2013,379.950012,385.225006,378.850006,381.399994,338.335327,3669770
4/17/2013,402.600006,405,372.524994,375.649994,333.234497,14111174
4/18/2013,378.399994,384,365.325012,368.125,326.559235,4782794
4/22/2013,368.125,372,358.125,360.575012,321.609009,5820500
4/23/2013,362.399994,368.875,360.799988,366.075012,326.514648,4459884
4/25/2013,366.075012,367.5,357.174988,359.524994,320.672424,3991128
4/26/2013,358.649994,358.649994,338.825012,342.125,305.152893,7329630
4/29/2013,341.524994,351.424988,336.475006,350.399994,312.533569,3670488
4/30/2013,349.625,362.200012,349.625,360.700012,321.72052,3693488
5/2/2013,360.700012,375.600006,360.700012,367.875,328.120117,6741812
5/3/2013,370.5,378.350006,370,375.225006,334.675812,4791040
5/6/2013,376.5,384.5,374,375,334.475098,3423508
5/7/2013,377.5,380,371.700012,376.75,336.036041,3552282
5/8/2013,377.5,379.700012,374.625,375.450012,334.876556,2258176
5/9/2013,377.25,391.799988,376.5,385.075012,343.461365,4364514
5/10/2013,386.75,390.450012,385.5,387.450012,345.579742,2928598
5/13/2013,388.25,388.350006,376.924988,379.200012,338.221283,1870518
5/14/2013,381,382.25,368.049988,372.549988,332.289886,2891938
5/15/2013,373.024994,377.5,369.5,372.774994,332.490601,3317168
5/16/2013,373.899994,374.575012,367.5,369.450012,329.524933,1748252
5/17/2013,369.700012,374.700012,358.325012,359.975006,321.073792,3201794
5/20/2013,361.049988,367.450012,360.125,363.899994,324.574677,1632742
5/21/2013,366,371.725006,365.149994,368.325012,328.521515,2111190
5/22/2013,369.5,376.5,369,371.825012,331.64328,2173788
5/23/2013,374,375.475006,365.5,368.424988,328.610718,2410504
5/24/2013,369.149994,373.975006,365.5,368.774994,328.922913,1455226
5/27/2013,368.125,374.700012,366.075012,370.850006,330.773651,1288452
5/28/2013,372.875,373.5,368.100006,372.424988,332.178375,1450574
5/29/2013,373.75,379.899994,372.325012,373.75,333.360291,2135066
5/30/2013,372.975006,375.649994,367.649994,371,330.90741,2138684
5/31/2013,373,375.700012,370.024994,372.424988,332.178375,2525624
6/3/2013,375.850006,375.850006,367.549988,371.075012,330.974243,1424494
6/4/2013,373,373,365.75,367.799988,328.053162,974164
6/5/2013,369.424988,369.424988,360.600006,363.399994,324.128693,919602
6/6/2013,361.5,374.75,360.5,373.825012,333.427155,1691072
6/7/2013,370.5,376.950012,370.5,372.100006,331.888519,1856680
6/10/2013,374.5,378.225006,372.625,376.725006,336.013763,3711146
6/11/2013,378.100006,386.350006,375,377.850006,337.017151,3181500
6/12/2013,376.950012,384.850006,376.25,381.825012,340.562561,2245040
6/13/2013,382.450012,383.375,376.375,378.774994,337.842224,3195872
6/14/2013,382.399994,383.225006,374.524994,381.850006,340.58493,1916404
6/17/2013,381,389.450012,378.274994,388.149994,346.204071,2124370
6/18/2013,388.350006,390.799988,385.725006,389.899994,347.764984,1982550
6/19/2013,390,391.375,388.049988,389.875,347.742645,2015196
6/20/2013,388.5,388.5,379.25,379.924988,338.867889,1576210
6/21/2013,380,383.200012,375,379.375,338.37735,1498196
6/24/2013,380.5,383.649994,377.174988,380.375,339.269226,1732330
6/25/2013,379,383.5,372.5,375.524994,334.94342,1711298
6/26/2013,376.5,386,372.5,383.524994,342.078888,1756472
6/27/2013,387.475006,400,386.299988,397.700012,354.722015,3848470
6/28/2013,400,400,384.950012,388,346.070251,3284160
7/1/2013,389.950012,389.950012,377.899994,379.200012,338.221283,1371284
7/2/2013,381,386.350006,380,383.049988,341.655243,1231948
7/3/2013,381.024994,388,378.325012,383.850006,342.368744,1633440
7/4/2013,383.024994,401,383.024994,399.875,356.661987,3441860
7/5/2013,400.549988,403.5,396.100006,397.825012,354.833527,1445252
7/8/2013,401.350006,410.799988,399.524994,409.399994,365.157654,2295638
7/9/2013,408.25,414.075012,407.5,411.375,366.91922,1756908
7/10/2013,411.375,422,411,419.799988,374.433716,2063596
7/11/2013,421,424.5,416.200012,420.325012,374.902069,1746506
7/12/2013,425,432.625,423.674988,431.299988,384.690948,2426814
7/15/2013,430.25,441.475006,430.25,437.625,390.33252,1893242
7/16/2013,432,442.450012,431.25,438.5,391.112946,1549062
7/17/2013,436.700012,444.350006,436.649994,437.625,390.33252,1660756
7/18/2013,439.450012,439.450012,427.75,429.424988,383.018677,2121144
7/19/2013,433.399994,453.450012,433.399994,446.125,397.91394,4768540
7/22/2013,447.5,449.75,438.424988,445.125,397.021973,1925832
7/23/2013,445.625,452.924988,445.625,450.225006,401.570831,2465650
7/24/2013,447.299988,453.975006,445.024994,450.049988,401.414734,1545034
7/25/2013,450,456.450012,446.5,451.200012,402.44046,2121722
7/26/2013,454.799988,459.450012,450.899994,451.899994,403.06485,2647718
7/29/2013,452.5,453.850006,446.174988,448.399994,399.943085,1913768
7/30/2013,453.5,457.475006,451,452.825012,403.889893,3111148
7/31/2013,459,474.950012,438.5,468.774994,418.116241,8083686
8/1/2013,475.5,475.75,463.274994,465.350006,415.061249,3181898
8/2/2013,466.5,474.725006,463.200012,467.975006,417.40274,2764360
8/5/2013,468.125,480.5,468.125,474.825012,423.512421,2001988
8/6/2013,474.5,480,470.024994,472.225006,421.193359,1884744
8/7/2013,476,478,449.424988,453.299988,404.313507,2830518
8/8/2013,449,455.174988,441.75,452.950012,404.001373,2653792
8/12/2013,452.950012,468,451.524994,466.674988,416.243225,2295722
8/13/2013,469,475.850006,467.5,470.299988,419.47641,1862652
8/14/2013,472.475006,473.450012,456.424988,460.100006,410.378693,2948756
8/16/2013,460.100006,470.475006,453,460.5,410.735504,4200692
8/19/2013,464.5,468.725006,457.375,465.725006,415.395844,2979624
8/20/2013,467.200012,467.200012,446.325012,449.575012,400.991119,2595508
8/21/2013,446.825012,456.899994,440.649994,442.950012,395.082092,2606762
8/22/2013,441.049988,453.325012,435.850006,451.174988,402.418152,2366998
8/23/2013,450.524994,476.5,449.299988,473.174988,422.04068,3951114
8/26/2013,470.325012,483.25,469.299988,472.274994,421.238007,2596152
8/27/2013,470,480.475006,470,473.850006,422.642792,1579588
8/28/2013,471.5,492.450012,471.424988,490.075012,437.114441,3280796
8/29/2013,490.5,513.075012,485.174988,508.825012,453.838196,4629334
8/30/2013,505.799988,522.450012,504.950012,520.224976,464.006134,3024524
9/2/2013,515,525,515,519.174988,463.069641,1965680
9/3/2013,520,523.400024,510,511.924988,456.603149,2359126
9/4/2013,512.400024,525.424988,507.5,519.650024,463.493347,3494070
9/5/2013,521.099976,522.349976,505.549988,509.950012,454.841614,2884166
9/6/2013,508,520.674988,501.549988,508.475006,453.52597,2740694
9/10/2013,508.475006,536.474976,505.600006,531.325012,473.906677,4005880
9/11/2013,534.974976,540.625,525.75,533.275024,475.645905,2088426
9/12/2013,537.75,540.924988,527.549988,537.174988,479.12442,2886632
9/13/2013,537.174988,540.049988,519.174988,522.875,466.369781,3145154
9/16/2013,526.424988,527,492.125,498.200012,444.361359,5023134
9/17/2013,500.625,519.900024,500.5,518.575012,462.534546,1812802
9/18/2013,525,525,509.174988,514.400024,458.810638,1862988
9/19/2013,514.5,518.924988,498.049988,512,456.670105,2623740
9/20/2013,519.900024,533.799988,514.799988,530.900024,473.527588,2066824
9/23/2013,528.25,549.625,528.25,545.5,486.549866,2998654
9/24/2013,542.299988,551.974976,534.275024,536.299988,478.344116,2862742
9/25/2013,537.525024,540.474976,526.799988,531.5,474.062775,2507858
9/26/2013,532.775024,534.700012,522.099976,526.125,469.268616,3190220
9/27/2013,524.700012,542,522.5,536.375,478.41095,2007316
9/30/2013,537.950012,552,536,543.599976,484.855103,2627178
10/1/2013,542.75,545,531.924988,535.549988,477.67514,1025872
10/3/2013,535.549988,557.875,535.549988,552.299988,492.614929,4143956
10/4/2013,550.625,559.75,546.200012,548.400024,489.136536,2698722
10/7/2013,550.150024,564.775024,550,559.674988,499.192871,2947852
10/8/2013,559.974976,559.974976,551.700012,553.325012,493.529266,1272392
10/9/2013,553.049988,562,550.275024,555.900024,495.825958,2563278
10/10/2013,555.900024,565,555.900024,558.825012,498.434937,2903410
10/11/2013,567.5,584.200012,559.25,578.724976,516.184265,5467492
10/14/2013,582.5,584,577.599976,579.924988,517.254639,3209702
10/15/2013,588,589.224976,578.375,580.575012,517.834412,2789670
10/17/2013,580.575012,584.150024,538.525024,541.525024,483.004486,8060804
10/18/2013,541.5,554.700012,535.549988,551.299988,491.723022,3910048
10/21/2013,553,557.099976,526.150024,542.049988,483.472717,4490738
10/22/2013,548.25,558.25,542.650024,554.450012,496.364136,2536510
10/23/2013,559.900024,559.950012,537.549988,553.325012,495.357025,2010728
10/24/2013,550.5,555,524.5,527.325012,472.08078,3605224
10/25/2013,522.450012,543.950012,521.174988,539.375,482.868378,3054960
10/28/2013,535.5,542.150024,529,531.424988,475.751251,1769818
10/29/2013,532.549988,542.400024,532.400024,540.299988,483.69635,2261806
10/30/2013,542,547.200012,532.049988,542.974976,486.091278,1854732
10/31/2013,548,555.799988,543.075012,547.674988,490.298798,3747244
11/1/2013,548.375,559.950012,548.049988,551.549988,493.767914,2606228
11/5/2013,551.549988,554.900024,541.025024,550.5,492.827911,1585574
11/6/2013,550.5,555.849976,539.450012,541.525024,484.793274,2039256
11/7/2013,546.950012,561.700012,545.200012,551.549988,493.767914,1986424
11/8/2013,551.25,566.25,550.125,557.150024,498.78125,2297154
11/11/2013,557.5,568.950012,548.349976,551,493.275574,1680296
11/12/2013,553,560.25,546.650024,548.700012,491.216492,2256384
11/13/2013,545,556,545,548.075012,490.657074,1527346
11/14/2013,544.674988,551.875,538.775024,542.299988,485.486877,1290316
11/18/2013,542.299988,557.174988,534.349976,548.150024,490.724121,1962534
11/19/2013,551.75,557,549.25,551.349976,493.588867,1972614
11/20/2013,554.75,557.775024,541.275024,543.450012,486.516418,1076604
11/21/2013,546.200012,548.75,528.875,530.950012,475.325958,1520518
11/22/2013,530.049988,533.674988,524.200012,525.125,470.111267,2199418
11/25/2013,521.5,534.75,521.5,526.5,471.342255,1699176
11/26/2013,523.5,534.224976,522,529.875,474.363586,3000204
11/27/2013,530.049988,536,527.75,529.275024,473.826508,1413216
11/28/2013,532.5,537.200012,528.799988,531.075012,475.437897,1829348
11/29/2013,531.25,547.125,531.25,543,486.113586,1801242
12/2/2013,541.200012,570,541.200012,566.375,507.039764,2257784
12/3/2013,565,570,555.549988,559.200012,500.616577,1876990
12/4/2013,560.099976,567,555.650024,558.299988,499.810699,1187826
12/5/2013,565,566,550.674988,554.349976,496.274597,1586302
12/6/2013,552,566.5,552,563.299988,504.286926,1017564
12/9/2013,565.900024,575,561.349976,571.700012,511.806946,2031754
12/10/2013,569.025024,582.924988,569,577.424988,516.932251,6213008
12/11/2013,577.525024,593,577.525024,588.200012,526.578308,4618398
12/12/2013,585.599976,594,578.5,590.375,528.525391,1891074
12/13/2013,586.799988,594,584.025024,590.575012,528.704529,5720522
12/16/2013,589.75,596,584.099976,592.849976,530.74115,4121260
12/17/2013,598.5,599,583.950012,585.174988,523.8703,3686530
12/18/2013,586,599.849976,584.400024,598.724976,541.553406,1752004
12/19/2013,598.775024,629.325012,598.724976,618.025024,559.010498,3271676
12/20/2013,619.849976,625.950012,615.599976,618.849976,559.756714,5841704
12/23/2013,621.200012,629.974976,618.525024,620.325012,561.090942,2112348
12/24/2013,622.400024,626.75,617,618.875,559.779419,1098832
12/26/2013,618.875,623,617.5,622.450012,563.012817,1466964
12/27/2013,624,630.950012,620,623.025024,563.533081,1552446
12/30/2013,629.5,635,617.049988,623.349976,563.826965,789350
12/31/2013,625.900024,634,619.075012,631.275024,570.995239,747986
1/1/2014,634.400024,634.950012,626.150024,629.25,569.163574,368994
1/2/2014,630,632.5,620.075012,625.525024,565.79425,515488
1/3/2014,622.549988,633,621.724976,629.875,569.728821,1362972
1/6/2014,632.5,633,622.150024,625.325012,565.613464,696052
1/7/2014,628,633.75,621.075012,628.174988,568.191284,1939658
1/8/2014,629,638.25,621.099976,623.200012,563.691406,1288388
1/9/2014,625.25,645.224976,621.549988,642.625,581.261475,1625150
1/10/2014,649.400024,659.299988,635,649.099976,587.118164,2646248
1/13/2014,652.349976,676.5,651.5,671.674988,607.537415,2305606
1/14/2014,671.25,671.25,657.5,660.5,597.429504,1280082
1/15/2014,665.150024,673.700012,661.549988,665.174988,601.658142,1959564
1/16/2014,675.5,699,670.125,695.349976,628.951782,6513674
1/17/2014,694.5,699.5,684.900024,689.825012,623.954346,3736948
1/20/2014,692.75,718.5,687.825012,715.299988,646.996826,3797022
1/21/2014,716.075012,729.275024,715.474976,720.075012,651.315918,3970102
1/22/2014,720,724.900024,706.575012,722.375,657.046082,3608038
1/23/2014,722.375,722.375,699.299988,705.849976,642.015564,3021772
1/24/2014,706.625,715.525024,700.200012,705.924988,642.083801,2208112
1/27/2014,705,714.775024,698.299988,712.25,647.836731,3128182
1/28/2014,709.5,713.025024,699.049988,706.224976,642.356628,1957332
1/29/2014,705.5,717.5,703.049988,711.150024,646.836304,1308138
1/30/2014,711.450012,722.5,703.900024,717.099976,652.248047,2723288
1/31/2014,718.049988,734.950012,715.049988,731.099976,664.982117,1898842
2/3/2014,727,735.575012,724.325012,726.450012,660.752625,1210426
2/4/2014,717.25,719,687.549988,700.950012,637.55896,2545976
2/5/2014,706,707,687.75,696.825012,633.806763,3327672
2/6/2014,700,705.775024,682,704.349976,640.651184,2685652
2/7/2014,709.849976,711.450012,692.799988,700.025024,636.717407,2224428
2/10/2014,702.200012,711.25,698.299988,708.075012,644.039368,1768380
2/11/2014,707.5,739.599976,707.5,736.549988,669.939209,3803654
2/12/2014,740,755.25,738.875,745.400024,677.988831,3705372
2/13/2014,749.5,751.174988,740.275024,744.599976,677.26123,2716944
2/14/2014,747,756.875,739.299988,748.674988,680.96759,2416824
2/17/2014,750,761,749,751.200012,683.264221,1396054
2/18/2014,754,757.400024,741.625,743.325012,676.101501,1401072
2/19/2014,746,750,737.700012,747.174988,679.603333,1398124
2/20/2014,747.5,748.950012,733.674988,736.450012,669.848206,1843660
2/21/2014,735.5,773.200012,735.5,769.099976,699.545471,2944192
2/24/2014,770.5,770.5,760.299988,765.099976,695.907166,1409902
2/25/2014,769.474976,777.424988,767.5,774.474976,704.434387,1399092
2/26/2014,774.5,791.075012,770.575012,786.325012,715.212708,2885610
2/28/2014,786.325012,795,765,787.775024,716.531555,8094072
3/3/2014,788,788,745.900024,752.325012,684.287598,4463326
3/4/2014,756,762.5,737.525024,740.700012,673.713806,3468362
3/5/2014,743.450012,747.200012,726.674988,731.224976,665.095764,4005538
3/6/2014,734.700012,749.75,734.5,745.924988,678.466248,3745184
3/7/2014,746,752.5,728.125,743.950012,676.669983,4409478
3/10/2014,739,741.799988,718.75,720.525024,655.363342,4922070
3/11/2014,720.525024,733.549988,718.924988,727.275024,661.502991,3791548
3/12/2014,723.299988,734.224976,720,730.125,664.095154,2198388
3/13/2014,722.5,739.5,718.650024,729.599976,663.617676,2945744
3/14/2014,722.299988,722.5,702.724976,708.424988,644.357544,2804900
3/18/2014,708.424988,713.424988,704,706.525024,642.629517,2265036
3/19/2014,702,710,685.625,701.799988,638.331848,3218632
3/20/2014,698,712.950012,698,703.674988,640.037231,2472082
3/21/2014,705.5,728.349976,698.75,713.150024,648.655396,3936338
3/24/2014,720,725,704.424988,707.174988,643.220703,1922846
3/25/2014,705.549988,714.75,696.700012,698.849976,635.64856,2517646
3/26/2014,702.5,704,692.5,698.549988,635.375732,2376792
3/27/2014,702.5,702.5,691.375,694.575012,631.760254,3565318
3/28/2014,700.5,711,697.650024,702.900024,639.332336,2165470
3/31/2014,702.5,702.5,690.5,695.349976,632.465271,1963014
4/1/2014,705,714.75,700,709.224976,645.085327,2981448
4/2/2014,716,718.400024,711.099976,712.849976,648.382446,2415542
4/3/2014,719.049988,720,706.5,712.150024,647.745911,2532864
4/4/2014,720.150024,720.150024,697.5,698.950012,635.739563,2109882
4/7/2014,698.75,705.849976,691.825012,703.224976,639.628052,1968572
4/9/2014,703.224976,703.224976,683.599976,690.125,627.712463,3534634
4/10/2014,690,694.5,674.974976,678.700012,617.320923,2834996
4/11/2014,671.150024,702.5,667.5,700.325012,636.990295,3745044
4/15/2014,700.325012,718.625,698.950012,712.400024,647.973145,3471906
4/16/2014,719.25,719.25,701,706.25,642.379272,2359828
4/17/2014,725.5,726.400024,707.5,712.375,647.950439,3039230
4/21/2014,712.375,721.650024,710.599976,719.849976,654.749451,1880050
4/22/2014,715.549988,730,715.549988,726.325012,664.330261,1974634
4/23/2014,726.5,730,717,719.224976,657.836487,3374236
4/24/2014,719.224976,719.224976,719.224976,719.224976,657.836487,0
4/25/2014,724.025024,731.900024,716.474976,724.700012,662.844116,2423566
4/28/2014,725,727.5,707.799988,709.799988,649.21582,2131814
4/29/2014,710.5,716.799988,703.900024,707.224976,646.860718,1357452
4/30/2014,705.275024,714.349976,697.724976,701.450012,641.578552,1215144
5/2/2014,701.450012,716.349976,693,712.375,651.571045,1273624
5/5/2014,715,719.200012,686.5,690.900024,631.929077,1515064
5/6/2014,690.575012,696.5,684.525024,691.275024,632.272034,1283550
5/7/2014,696,701.75,658.075012,660.400024,604.032288,2693352
5/8/2014,667.5,673.174988,656.049988,669.900024,612.721497,1903266
5/9/2014,669.5,689,667.575012,685.349976,626.852722,2015274
5/12/2014,681,700.599976,671.349976,697.200012,637.691345,2136628
5/13/2014,698.325012,722.599976,698.325012,716.450012,655.298279,1339854
5/14/2014,717,723.974976,698,705.700012,645.46582,1936198
5/15/2014,700.299988,713.474976,696.049988,702.900024,642.904846,1309238
5/16/2014,702.5,722.900024,679.400024,682.575012,624.314636,3165888
5/19/2014,688.900024,688.900024,628,653.599976,597.812744,3834500
5/20/2014,650,671.5,631.724976,654.25,598.407166,4100354
5/21/2014,655.150024,671.5,655.049988,668.025024,611.006653,2003254
5/22/2014,668.025024,669.950012,656.5,661.924988,605.427185,2251908
5/23/2014,658.575012,675.924988,658.575012,670.525024,613.293091,2424378
5/26/2014,670.5,699.5,666.299988,693.099976,633.941223,2171300
5/27/2014,696,712.224976,683.775024,691.75,632.70636,1706210
5/28/2014,692.525024,726.375,689,720.224976,658.751038,2771060
5/29/2014,727.5,727.5,692.525024,699.875,640.138,2297800
5/30/2014,700,716,688.375,709.275024,648.735718,1765740
6/2/2014,710.025024,712.375,688.375,691.400024,632.386414,1286962
6/3/2014,692.5,695,670.5,674.150024,616.608582,2373998
6/4/2014,671.049988,677.5,650.799988,654.125,598.292908,2842292
6/5/2014,659.400024,669.75,653.5,666.450012,609.565857,2296152
6/6/2014,663.125,667.174988,657.25,663.849976,607.187927,2550528
6/9/2014,664.025024,685.525024,664,684.5,626.075256,2134444
6/10/2014,686,701,682.150024,699.125,639.452026,1890576
6/11/2014,701.5,709,693.599976,702.900024,642.904846,1757420
6/12/2014,701.650024,710.950012,690.700012,703.375,643.339233,2016766
6/13/2014,703.974976,722.5,693,719.474976,658.065063,2347282
6/16/2014,721.450012,724,705.974976,711.224976,650.519226,2454110
6/17/2014,718,737,717.75,727.224976,665.153625,3965330
6/18/2014,723.5,728.575012,713,718.424988,657.104736,2478262
6/19/2014,713,731.900024,704.799988,729.299988,667.051514,2579976
6/20/2014,733.5,734.450012,717.275024,721.974976,660.351624,2862810
6/23/2014,714.325012,721.700012,705,709.525024,648.964233,1112652
6/24/2014,707.5,711.424988,702,707.974976,647.546692,1277884
6/25/2014,707.974976,719.200012,704.450012,709.450012,648.895752,976020
6/26/2014,710,723.224976,705.450012,717.049988,655.847107,2059756
6/27/2014,716.5,742.875,712.924988,740.724976,677.501404,3534508
6/30/2014,746.450012,754,742.5,750.075012,686.053284,2004482
7/1/2014,747.5,751.474976,739,748.775024,684.864197,1845472
7/2/2014,746.900024,748.099976,736.049988,740.150024,676.975403,1254786
7/3/2014,730,745.5,730,733.224976,670.641479,2595000
7/4/2014,736.924988,742.299988,734.349976,740.174988,676.998169,666134
7/7/2014,745,756,737.525024,754.25,689.871887,2195130
7/8/2014,761.674988,761.674988,735,739.075012,675.992188,2794082
7/9/2014,747.5,747.5,727.700012,736.599976,673.728394,3644864
7/10/2014,736,748.950012,730.299988,736.200012,673.36261,1296514
7/11/2014,747,754.5,740.174988,750.700012,686.625,1870758
7/14/2014,747.700012,751,720,724.474976,662.638184,3272844
7/15/2014,725,736.650024,725,731.25,668.835022,1226512
7/16/2014,734,738.575012,725.5,734.825012,672.10498,1208344
7/17/2014,736.025024,741.674988,729.5,733.400024,670.801514,731650
7/18/2014,742.5,754.125,740.049988,750.125,686.098938,1261870
7/21/2014,755,759.5,750.049988,754.025024,689.666077,1541390
7/22/2014,751,766.700012,748,764.450012,699.201355,1762572
7/23/2014,767.5,775,759.450012,771.5,705.649475,1697838
7/24/2014,774.325012,794.224976,772.5,791.25,723.713806,1889610
7/25/2014,793,793,779.224976,791.174988,723.645142,2197296
7/28/2014,791.174988,812.5,785.549988,807.174988,738.279541,3773448
7/30/2014,807.174988,808.275024,795.549988,798.775024,730.596558,2287692
7/31/2014,797.025024,797.5,770.549988,777.549988,711.183105,4713718
8/1/2014,772.625,775,753.5,757.625,692.958679,3867022
8/4/2014,760,782,760,777.5,711.13739,2566116
8/5/2014,776,780.075012,764.075012,772.224976,706.312622,1448484
8/6/2014,772.5,779.450012,767.674988,773.825012,707.776184,1239464
8/7/2014,766,770.674988,755,759.125,694.33075,1532828
8/8/2014,757.474976,770.349976,756.049988,766.400024,700.98468,1357968
8/11/2014,767,771.424988,751.099976,757.650024,692.981689,1427106
8/12/2014,759,761.025024,751.349976,758.575012,693.827759,1164284
8/13/2014,765,783.799988,755.599976,780.075012,713.492615,1920672
8/14/2014,787.375,788.5,761,769,703.362915,1265840
8/18/2014,769,776.974976,759,761.525024,696.525879,1139798
8/19/2014,766.5,771,762.825012,769.375,703.705994,894778
8/20/2014,774.450012,782.474976,769.325012,779.275024,712.760986,1502840
8/21/2014,781.5,792.700012,770.099976,777.775024,711.388977,2135100
8/22/2014,775.599976,807.474976,775.599976,797.375,729.315979,2436310
8/25/2014,800,809,792.25,798.849976,730.6651,1442286
8/26/2014,799.950012,808.75,784.25,800.799988,732.448669,1842824
8/27/2014,802.450012,827.849976,802.450012,824.950012,754.537354,2482938
8/28/2014,825.5,832.875,812.400024,815.375,745.779602,2586906
9/1/2014,815.375,829.5,815.375,818.700012,748.820801,744272
9/2/2014,821.25,828.5,812.125,824,753.668518,846020
9/3/2014,825,836,821.375,829,758.241638,2526206
9/4/2014,834.375,836.924988,826.275024,830.525024,759.636536,1162000
9/5/2014,832.950012,835.974976,825.5,832.150024,761.122803,1132960
9/8/2014,837.424988,841.525024,826.700012,833.125,762.014526,1045242
9/9/2014,835,836,818.049988,820.400024,750.375671,1025176
9/10/2014,817.5,827.950012,814.150024,817.5,747.723267,866484
9/11/2014,822.400024,827.400024,810.674988,818.849976,748.958008,1280830
9/12/2014,817,819,806.349976,810.5,741.320679,1545648
9/15/2014,811.025024,812.5,802.700012,804.849976,736.153015,1362864
9/16/2014,802.549988,818.900024,797.450012,802.775024,734.255066,1115834
9/17/2014,800.424988,817.5,800.400024,813.275024,743.858826,1207740
9/18/2014,813,826.150024,805.150024,818.450012,748.592285,1428664
9/19/2014,820,855.5,817.025024,836.775024,765.353027,4392076
9/22/2014,835.424988,851.424988,827.5,849.674988,777.152039,965160
9/23/2014,850,867.5,848.400024,862.224976,788.630859,3387570
9/24/2014,862.5,867.5,851.875,854.700012,781.74823,1106624
9/25/2014,855.200012,865,847.325012,854.224976,781.31366,1559626
9/26/2014,859.900024,862.5,845.599976,857,783.851746,1550460
9/29/2014,857.924988,863.724976,850.200012,853,780.193237,1360014
9/30/2014,857,862,853.025024,857.375,784.194763,1700296
10/1/2014,860,877.75,856.674988,870.075012,795.810669,3218518
10/7/2014,870.075012,888.125,858.25,864.599976,790.802979,2408208
10/8/2014,862.549988,872.275024,832.5,836.549988,765.147278,2154150
10/9/2014,840.5,855,835.5,847.75,775.391357,1084634
10/10/2014,850.049988,871.5,843.474976,868.75,794.598938,2075086
10/13/2014,870.950012,884.125,860.75,877.900024,802.967834,1809386
10/14/2014,866.349976,877.200012,858.299988,861.5,787.967712,1424920
10/15/2014,861.5,861.5,861.5,861.5,787.967712,0
10/16/2014,861.349976,870.25,824.025024,827.924988,757.258484,2566460
10/17/2014,792.5,796.575012,748.650024,752.75,688.499939,8642054
10/20/2014,765,767.5,740,748.174988,684.31543,4343252
10/21/2014,748.5,757,742.525024,752.549988,693.881409,2990188
10/22/2014,760.150024,761.974976,751,756.625,697.638916,1324050
10/27/2014,756.625,769,743.5,748.375,690.031982,3817660
10/28/2014,745.525024,755.5,740,750.575012,692.060547,2277396
10/29/2014,747.674988,759.5,747.674988,756,697.062622,2631064
10/30/2014,758.974976,793.799988,758.974976,788.375,726.913574,3731448
10/31/2014,794,812.325012,791.924988,804.200012,741.504944,1690542
11/3/2014,807.5,814.150024,783.049988,785.400024,724.170593,2244850
11/5/2014,785.400024,805.5,776,802.5,739.937622,2260776
11/7/2014,802.5,812.474976,800.625,809.325012,746.230469,2462168
11/10/2014,809.325012,813,792.5,808.775024,745.723267,1440248
11/11/2014,803.5,813.5,802.5,807.75,744.778198,1124754
11/12/2014,809.900024,809.900024,795.700012,800.25,737.862854,2059910
11/13/2014,802.474976,823.5,794.075012,819.75,755.84259,1672418
11/14/2014,811.049988,825,803,805.349976,742.565247,1942972
11/17/2014,807.950012,811.950012,799.174988,809.825012,746.691528,1575996
11/18/2014,812.5,812.5,799,800.349976,737.955078,1246748
11/19/2014,800.025024,817.5,800.025024,815.575012,751.993286,1132248
11/20/2014,820,826,811.099976,824.5,760.222412,1299226
11/21/2014,828,828,815.049988,821.325012,757.294861,1097438
11/24/2014,821.5,844.75,819.174988,836.625,771.402161,1521682
11/25/2014,840,848.5,810.049988,828.775024,764.164124,1856960
11/26/2014,820.799988,825.525024,808,816.575012,752.915222,1613416
11/27/2014,817.5,837.375,811.5,832.174988,767.299011,1931026
11/28/2014,835,839.200012,822.349976,831.174988,766.377075,936136
12/1/2014,832.5,844.900024,825,835.575012,770.434021,1247252
12/2/2014,830,837.5,819.025024,820.650024,756.672546,737296
12/3/2014,828.75,830.5,815.674988,827.299988,762.804199,1309778
12/4/2014,824.299988,829.924988,808.299988,811.924988,748.627686,1394584
12/5/2014,813.974976,814,796,798.400024,736.157104,2785924
12/8/2014,795.549988,797,770,779.75,718.961121,2566330
12/9/2014,781.400024,788.075012,773.150024,780.349976,719.514282,2391722
12/10/2014,782.5,790,773.349976,786.275024,724.977417,1287020
12/11/2014,780.5,789.924988,771.599976,776.025024,715.526489,1515428
12/12/2014,775.049988,782.924988,753,756.25,697.293152,2182394
12/15/2014,749.950012,753.349976,725,742.650024,684.753479,2320692
12/16/2014,736,783.224976,736,779.450012,718.684509,2171028
12/17/2014,779.950012,780,755,769.700012,709.69458,2177444
12/18/2014,772.5,781,760.049988,777.125,716.540588,1742566
12/19/2014,782.150024,800.5,772.775024,794.599976,732.65332,2025798
12/22/2014,792.025024,797.450012,782.400024,794.25,732.330566,819544
12/23/2014,789.25,792.075012,761,768.674988,708.749451,2015266
12/24/2014,769.75,781.900024,707.5,769.849976,709.832825,4050188
12/26/2014,769.849976,783.900024,761,782.325012,721.335327,1053334
12/29/2014,788,793.75,785.025024,790.025024,728.43512,601920
12/30/2014,788,797.924988,785.224976,794.549988,732.6073,650834
12/31/2014,794.5,804.900024,781.900024,798.450012,736.203186,1454644
1/1/2015,799.5,805.825012,792.799988,803.400024,740.767334,668246
1/2/2015,801.025024,809.474976,800.025024,802.625,740.052673,466686
1/5/2015,807.5,807.5,784.349976,789.125,727.605164,1006312
1/6/2015,787,787.200012,761.325012,768.049988,708.173096,1735204
1/7/2015,769.75,774,746.349976,749.799988,691.345886,1770280
1/8/2015,758.5,770,747.5,767.150024,707.343384,1953018
1/9/2015,768.325012,791.825012,761.450012,772.775024,712.529907,3082224
1/12/2015,777.549988,789.5,770.349976,787.775024,726.360474,1330842
1/13/2015,787.775024,797.474976,781.674988,791.799988,730.071533,1458036
1/14/2015,797.950012,799.400024,775.150024,789.400024,727.858643,2066638
1/15/2015,797.474976,809.224976,776.224976,796.625,734.520447,1829488
1/16/2015,797,822.049988,787.775024,819.5,755.612244,1592674
1/19/2015,825,865,819.900024,822.325012,758.21698,1667916
1/20/2015,831.25,839.625,824.849976,836.075012,770.89502,1549634
1/21/2015,830.599976,846,820.5,843.625,777.856445,3770516
1/22/2015,844,846.525024,828.5,832.849976,767.921387,1884552
1/23/2015,831.549988,834.450012,815.650024,823.325012,759.139038,2341538
1/27/2015,823.325012,824.450012,803.775024,808.174988,745.170105,2230886
1/28/2015,805,832.875,805,829.700012,765.017029,2086694
1/29/2015,829,831.349976,804.450012,824.474976,760.19928,2375720
1/30/2015,905,910,876.575012,895.875,826.032959,10707672
2/2/2015,900,950,899.025024,945.5,871.789368,5044878
2/3/2015,955,957.5,935.5,950.125,876.053711,4221136
2/4/2015,950,955,942.775024,950.174988,883.539185,2469950
2/5/2015,950,990.424988,943.474976,986.325012,917.153931,4247448
2/6/2015,985,998.5,972.650024,977.349976,908.808289,2011924
2/9/2015,970.5,1004.75,965.650024,997.150024,927.220032,2335254
2/10/2015,992.5,993.924988,962.5,966.674988,898.88208,2893204
2/11/2015,969.849976,983.5,960.599976,977.849976,909.273193,1071258
2/12/2015,975,995,974.5,992.200012,922.616943,2182688
2/13/2015,995,1002,988.400024,996.474976,926.592102,1643004
2/16/2015,997.525024,1004,990.299988,992.424988,922.826111,1512434
2/18/2015,992.424988,1020,992.424988,1016.580017,945.28717,3163902
2/19/2015,1015,1027.349976,1010,1024.069946,952.251892,2068476
2/20/2015,1025,1027.5,998.049988,1000.380005,930.223328,1334286
2/23/2015,1000,1013.849976,979.224976,985.5,916.38678,1333170
2/24/2015,985.5,999.400024,977.825012,988.025024,918.734802,1821524
2/25/2015,994.75,996.799988,985.900024,991.599976,922.058838,1138174
2/26/2015,991.5,1004,982.474976,987.724976,918.455811,2078322
2/27/2015,994.5,1012.830017,987.724976,1011,940.098572,2404410
3/2/2015,1020.450012,1020.450012,1000.169983,1012.419983,941.418945,2049168
3/3/2015,1015.5,1022.450012,992.525024,1015.599976,944.375793,2153344
3/4/2015,1018.5,1025.849976,1010,1018,946.607544,1715154
3/5/2015,1018,1037.449951,1017.969971,1032.5,960.090759,1724358
3/9/2015,1032.5,1037.449951,1005.5,1032.849976,960.416138,3277884
3/10/2015,1027.5,1034.5,1014,1022.080017,950.40155,2712744
3/11/2015,1030,1058.449951,1017.780029,1029.530029,957.329102,5037130
3/12/2015,1032.5,1039.650024,1021.119995,1026.349976,954.372009,2440220
3/13/2015,1029.400024,1029.5,990.525024,1006.299988,935.72821,3184484
3/16/2015,1010,1033,1007,1028.5,956.371155,3968918
3/17/2015,1033.400024,1034.449951,1016.5,1019.549988,948.04895,5003722
3/18/2015,1020,1026.380005,997.525024,1003.280029,932.919983,9463920
3/19/2015,990,1006.400024,972,979.650024,910.947144,5081620
3/20/2015,979.950012,985,965.75,979.900024,911.179626,3135554
3/23/2015,980.549988,987.599976,961.75,968.400024,900.486145,1948568
3/24/2015,969,979,960.349976,970.349976,902.299255,2649348
3/25/2015,972,1017.799988,969.099976,1007.150024,936.518433,3759287
3/26/2015,1006,1010,978.099976,987.400024,918.153564,3524064
3/27/2015,983.400024,1003,954.900024,962.849976,895.325256,2140165
3/30/2015,966,986.200012,956.5,980.450012,911.690979,1637532
3/31/2015,980,984.049988,967,980.400024,911.644531,1863338
4/1/2015,947,963,935,940.849976,874.868225,4140584
4/6/2015,940.849976,940.849976,912.150024,932.049988,866.685242,3864374
4/7/2015,939.799988,956,927.450012,934.549988,869.009949,2174069
4/8/2015,944.950012,969,940,958.849976,891.605835,1793667
4/9/2015,969,969,941,964.150024,896.53418,1337066
4/10/2015,959.299988,977.700012,956,967.25,899.416687,1418739
4/13/2015,967.900024,978.5,955,976.049988,907.599487,1549571
4/15/2015,976.049988,978,938.75,944.5,878.262146,1549286
4/16/2015,949,957.900024,933.5,954.25,887.32843,1028691
4/17/2015,948,950.700012,934.450012,940.099976,874.170776,1569116
4/20/2015,945,947.700012,912.549988,924.299988,859.47876,1611552
4/21/2015,840.799988,920,835.099976,890.650024,828.188599,7298142
4/22/2015,884.5,891.900024,863.099976,877.299988,815.774841,3967341
4/23/2015,882.799988,907,882.25,895,832.233521,3195690
4/24/2015,891,912.799988,887.400024,896.950012,837.791138,3203245
4/27/2015,896.049988,905.950012,874,883.200012,824.948181,1894616
4/28/2015,878.650024,883.75,854.349976,870.5,813.085571,2901828
4/29/2015,870.5,893.200012,858.450012,887.200012,828.684204,2038048
4/30/2015,882.099976,888,862.5,880.549988,822.4729,3669235
5/4/2015,880.549988,926.75,865.799988,919.799988,859.134033,1676262
5/5/2015,923,929,905.150024,911.950012,851.801758,1729767
5/6/2015,907.049988,925.799988,880.200012,891.150024,832.373718,2297639
5/7/2015,896.099976,924.950012,880.099976,920.75,860.021484,1819982
5/8/2015,927.450012,948.75,915.950012,925.5,864.45813,1789684
5/11/2015,934.5,949.5,923.400024,941.900024,879.776428,1796106
5/12/2015,942,943.450012,910.5,915.650024,855.257813,1232315
5/13/2015,916,944,916,937.299988,875.479797,1387412
5/14/2015,938.799988,942,918,925.299988,864.271362,1126213
5/15/2015,925,934.799988,907.5,913.900024,853.623169,1702804
5/18/2015,917.5,933.5,901.900024,930.549988,869.174988,1507066
5/19/2015,930,936.75,920,934.150024,872.537598,1294467
5/20/2015,941,963.75,939.25,960.099976,896.776062,1536772
5/21/2015,963.950012,973.950012,960,970.25,906.256714,1046384
5/22/2015,963.25,988,957.450012,984.150024,919.239807,1497830
5/25/2015,985,1010,973.25,999.150024,933.250488,1645683
5/26/2015,999.75,1007,985.5,993.5,927.973206,1231054
5/27/2015,990,1004.950012,984.299988,991.5,926.105042,1472721
5/28/2015,986.099976,996.650024,958.5,980.099976,915.456909,1668616
5/29/2015,976,1044.949951,962,1010.75,944.085388,5679338
6/1/2015,992.799988,998.5,969.25,973.299988,909.105347,1152294
6/2/2015,977,986.900024,946.700012,952.700012,889.864136,1165720
6/3/2015,955.25,966,932.450012,952.299988,889.490601,1809987
6/4/2015,942.099976,948.799988,934.299988,940.650024,878.608826,1553726
6/5/2015,941,948.900024,925.5,929,867.727295,1500323
6/8/2015,919,928,912.950012,918.950012,858.340149,1489430
6/9/2015,915.049988,925,901.25,911.400024,851.288086,1221204
6/10/2015,915,946,909.75,942.549988,880.383545,2586123
6/11/2015,940.049988,944.950012,910.5,914.799988,854.463928,1820636
6/12/2015,913.900024,913.900024,882.75,896.349976,837.230713,1846528
6/15/2015,899,922.849976,891,908.049988,848.158936,858671
6/16/2015,909.700012,911.650024,898.400024,906.299988,846.524475,889162
6/17/2015,910.150024,918.599976,899.599976,906.299988,846.524475,1250882
6/18/2015,915.400024,920.549988,904.200012,913.75,853.48291,1318708
6/19/2015,915.049988,937.5,913.75,918.200012,857.639709,1781808
6/22/2015,919.200012,935.5,912,931.549988,870.109131,825531
6/23/2015,939.700012,949.349976,925.25,927.450012,866.279541,1100134
6/24/2015,929,943.900024,928.5,938.099976,876.227112,1308655
6/25/2015,930,933.049988,913.799988,926.099976,865.018555,1551251
6/26/2015,927,960,927,957.25,894.114014,1585119
6/29/2015,932,949.450012,919.400024,928.400024,867.16687,1168363
6/30/2015,927.549988,929.549988,911,919.75,859.087341,1987484
7/1/2015,917.25,949,917.099976,944.049988,881.784607,1074033
7/2/2015,945.200012,959.950012,940.5,954.5,891.545471,988524
7/3/2015,947,969,940,964.900024,901.259521,862826
7/6/2015,945.099976,975.5,943.5,969.950012,905.97644,812041
7/7/2015,965,967.799988,933,936.299988,874.545776,1272322
7/8/2015,925,947,925,933,871.463379,1174813
7/9/2015,939,939,912.25,917.450012,856.939026,1149840
7/10/2015,930,930,917.049988,925.650024,864.598267,1180228
7/13/2015,934.900024,963,934.599976,960.849976,897.476624,1207758
7/14/2015,963,968,948,954.950012,891.965698,1212070
7/15/2015,951.950012,957.450012,943,948.150024,885.614258,1195981
7/16/2015,958.799988,963.599976,945.049988,956.549988,893.460144,885054
7/17/2015,963,973,952.549988,955.400024,892.385986,1036935
7/20/2015,956.700012,959.799988,943,946.650024,884.213257,706592
7/21/2015,948.400024,990,947.900024,974.799988,910.506531,1981554
7/22/2015,974.799988,985.950012,967.299988,983.049988,918.212341,700649
7/23/2015,984,994.950012,965.599976,970.049988,906.069702,797666
7/24/2015,980.700012,980.700012,950.549988,952.650024,889.817505,1183858
7/27/2015,951.849976,958.25,923.25,937.099976,875.292969,1675704
7/28/2015,937.700012,948.950012,920.150024,923.349976,862.44989,1196090
7/29/2015,934,954,925.299988,951.349976,888.603149,1453391
7/30/2015,959.900024,973,953.049988,957.900024,894.721191,1546723
7/31/2015,956,1006,956,998.25,932.409851,1966896
8/3/2015,952.450012,963.450012,934.299988,938.849976,876.927673,3535809
8/4/2015,942.599976,950,930,932.900024,871.370056,1904723
8/5/2015,938.900024,945,931.200012,937.400024,875.573242,1179308
8/6/2015,946.200012,950,941.650024,946,883.606079,934864
8/7/2015,946,947.25,935.5,939.349976,882.056641,909093
8/10/2015,939.25,950,930.099976,936.450012,879.333557,1108373
8/11/2015,941.200012,946,937,940.400024,883.042603,859189
8/12/2015,941.799988,973.599976,940.700012,970.799988,911.588379,2109886
8/13/2015,977.799988,988.900024,956.099976,965.549988,906.65863,1578497
8/14/2015,967.099976,983.900024,961.849976,973.700012,914.311523,789248
8/17/2015,976.400024,980.200012,962,968.450012,909.381775,840623
8/18/2015,973.950012,985.950012,965,969.599976,910.461548,1611508
8/19/2015,975.049988,997.700012,971.5,988.150024,927.880188,1645732
8/20/2015,992.450012,992.450012,956.5,961.25,902.620972,1259335
8/21/2015,957,977.5,940,964.900024,906.048462,1797630
8/24/2015,944,948.799988,919.049988,927.900024,871.305054,2108447
8/25/2015,930,933.700012,889.900024,914.049988,858.299683,2735019
8/26/2015,912.099976,934.900024,884,910,854.496704,2404386
8/27/2015,908.099976,927.950012,905.400024,913.099976,857.407593,2027885
8/28/2015,924.599976,954.900024,924.5,952.200012,894.122986,1540899
8/31/2015,958.200012,980,958.200012,971.049988,911.823181,2721287
9/1/2015,967,976.5,926,952,893.93512,1423742
9/2/2015,950,968.950012,944.099976,948.900024,891.02417,2045060
9/3/2015,962,966.75,950.5,961,902.386169,1125982
9/4/2015,958.25,964.349976,936,940.299988,882.948608,1332890
9/7/2015,940,944.950012,915,920.849976,864.684937,670252
9/8/2015,918,944.049988,918,936.349976,879.239685,1188331
9/9/2015,943,956,938,943.200012,885.671936,1053214
9/10/2015,933,936,909,915.900024,860.036987,2059423
9/11/2015,921,924.950012,906.450012,920.200012,864.074585,1101375
9/14/2015,921.200012,931,917.200012,928.549988,871.915344,769871
9/15/2015,930,931.599976,921,928.799988,872.150085,1225838
9/16/2015,938,947.650024,930.150024,938.900024,881.634155,900533
9/18/2015,938.900024,955.900024,937.599976,950.549988,892.573425,1423976
9/21/2015,942.049988,969.25,941.700012,944,886.423035,986281
9/22/2015,947,965.5,931,935,877.971985,1607244
9/23/2015,935,935,912.75,927.099976,870.553772,1138259
9/24/2015,928,958.5,927.599976,954.950012,896.7052,1531310
9/28/2015,954.950012,964.450012,945,950.5,892.526489,778719
9/29/2015,940,960.5,940,953.700012,895.531311,1409214
9/30/2015,962,989.700012,953.849976,982.150024,922.246216,1758142
10/1/2015,890,914.799988,834.849976,857.049988,804.776306,13383212
10/5/2015,857.049988,870.799988,838.049988,859.900024,807.452515,6691881
10/6/2015,863,868,848.700012,853.599976,801.536804,2954731
10/7/2015,845,848.75,811.099976,817.200012,767.356873,6876337
10/8/2015,828.799988,837.400024,812.5,828.650024,778.108521,8490916
10/9/2015,835.5,850.799988,833.5,849.200012,797.40509,4734168
10/12/2015,859,860.950012,829.650024,855.099976,802.94519,2417923
10/13/2015,852,853,826.349976,829.900024,779.282227,2918689
10/14/2015,829,838.950012,825,833.549988,782.709656,1351079
10/15/2015,835,838.900024,828,835,784.071228,1822338
10/16/2015,836.049988,845.75,835,841.150024,789.84613,1135082
10/19/2015,830,861,818.700012,857.75,805.433655,5025990
10/20/2015,859,868.5,848.450012,864.299988,811.584106,2835279
10/21/2015,866.799988,868.950012,852.099976,863.049988,815.125854,1297348
10/23/2015,863.049988,869.900024,848,852.950012,810.281067,1532429
10/26/2015,859.349976,868.650024,857.099976,863.549988,820.350708,2078720
10/27/2015,863,874,854.599976,867.650024,824.245789,1540700
10/28/2015,867,880,854,877.549988,833.650452,1675640
10/29/2015,877.700012,885.200012,873.25,875.900024,832.083008,2121777
10/30/2015,876,877,867.549988,871.700012,828.093018,1327897
11/2/2015,875,880.900024,870.099976,876.299988,832.462952,1010052
11/3/2015,876.25,881.900024,874.25,876.099976,832.272949,1057805
11/4/2015,879,884.400024,875,881.599976,837.497864,841844
11/5/2015,881.599976,883.799988,874.049988,877.5,833.602905,1185249
11/6/2015,877.5,889.5,874.599976,885.450012,841.155151,1326926
11/9/2015,878.900024,885,870.099976,882.5,838.352722,1521940
11/10/2015,876.25,879.849976,847.200012,851.299988,808.713684,839191
11/13/2015,851.299988,856.799988,823.200012,843.400024,801.208862,1475398
11/16/2015,828.099976,842.400024,825,838.599976,796.648926,1438057
11/17/2015,844.5,859.900024,835.75,856.75,813.890869,1702888
11/18/2015,853.950012,853.950012,835.25,845.650024,803.34613,1523474
11/19/2015,850,876.849976,846.049988,873.950012,830.230469,1764168
11/20/2015,872,874.400024,855.5,866.549988,823.200745,1693461
11/23/2015,862,867.950012,858.599976,863.75,820.54071,589656
11/24/2015,862.099976,872.5,856.599976,866.200012,822.868225,1124337
11/26/2015,866.200012,869,856.849976,862.900024,819.733337,1040829
11/27/2015,864,875,863.200012,872.549988,828.900513,790471
11/30/2015,872.150024,881.75,862.650024,870.950012,827.380676,2582573
12/1/2015,870.950012,885.700012,869.049988,877.700012,833.79303,1273589
12/2/2015,882,882,856,859.650024,816.645874,1287691
12/3/2015,856,856,849.25,851.150024,808.570984,1918307
12/4/2015,849.25,850,831.150024,836,794.178894,1889164
12/7/2015,840.200012,852.849976,834,842.299988,800.163757,1311092
12/8/2015,841.650024,867.900024,841.650024,858.049988,815.125854,1588129
12/9/2015,857,857,839.700012,844.25,802.016235,1302201
12/10/2015,844,850,837,845.700012,803.393799,918908
12/11/2015,849.900024,849.900024,836.25,840.599976,798.548828,531147
12/14/2015,843,852.650024,826,840.849976,798.786316,768230
12/15/2015,849.700012,849.700012,840.900024,845.200012,802.918762,804676
12/16/2015,849.299988,859.799988,842.700012,847.049988,804.676147,815360
12/17/2015,851.450012,864.299988,847.25,860.450012,817.405884,969882
12/18/2015,860,865,844.900024,846.150024,803.821228,1419129
12/21/2015,845,857.950012,843.150024,855.450012,812.655945,458852
12/22/2015,855,855.450012,845.849976,849.25,806.766113,718460
12/23/2015,850,865.450012,849.5,863.799988,820.588196,673209
12/24/2015,860.700012,866,855.549988,860.299988,817.263367,370778
12/28/2015,860.299988,874,853.849976,867.700012,824.293213,901833
12/29/2015,864.950012,866,846.549988,854.5,811.75354,1142764
12/30/2015,854.849976,858.5,838,840.5,798.453918,876037
12/31/2015,837,860,836.950012,855.099976,812.323425,873853
1/1/2016,855.099976,855.099976,843.5,845.849976,803.536194,485196
1/4/2016,841,854.950012,837.450012,845.950012,803.631226,1086036
1/5/2016,848.950012,851.049988,836.400024,842.799988,800.638672,732691
1/6/2016,853.700012,853.700012,837,841.400024,799.308838,1398935
1/7/2016,836.099976,837.900024,819,825.049988,783.776733,1450657
1/8/2016,828,836.75,813.799988,828.349976,786.91156,1688435
1/11/2016,815,833,811.099976,814.549988,773.801941,1267638
1/12/2016,818,819,798.049988,810.049988,769.527161,1157664
1/13/2016,814.799988,829.849976,804.299988,826.400024,785.059265,1579234
1/14/2016,810.049988,841.799988,810.049988,828.849976,787.386536,2540610
1/15/2016,828.5,842,816,838.049988,796.126404,2285591
1/18/2016,831.099976,853.950012,831.099976,842.349976,800.211243,1887068
1/19/2016,867,870,800,838.25,796.316406,5309499
1/20/2016,831.049988,846,823,841.900024,799.783875,1988009
1/21/2016,844,850.150024,831.25,835.25,793.466553,1674215
1/22/2016,838,850.950012,831.900024,839.25,797.266479,1009239
1/25/2016,847.5,858.900024,836.849976,838.700012,796.743896,1095067
1/27/2016,838.700012,840.900024,830.200012,836,799.901367,1100759
1/28/2016,833,849.799988,829.700012,844.5,808.034302,1600653
1/29/2016,845.25,870,842.299988,865.75,828.366821,1917557
2/1/2016,865.799988,889.900024,865.799988,880.299988,842.288574,1297246
2/2/2016,880,885,867.049988,872.650024,834.968872,1112732
2/3/2016,866.349976,870,848.849976,852.099976,815.306091,978045
2/4/2016,855.099976,874.799988,848.950012,867.349976,829.897644,1317307
2/5/2016,877,877,858.349976,869.650024,832.098389,983851
2/8/2016,866.099976,868.950012,846,849.75,813.057617,805217
2/9/2016,843,844,805.950012,810.450012,775.454651,1667218
2/10/2016,815.5,833,807.599976,827.400024,791.672729,1132697
2/11/2016,827.400024,827.400024,801.599976,808,773.110413,1619207
2/12/2016,814,825.849976,784.950012,798.25,763.781494,1392467
2/15/2016,813,832.5,810.349976,827.099976,791.38562,1380806
2/16/2016,825.099976,837.900024,819.25,824.299988,788.706604,1052299
2/17/2016,829.950012,835,816.349976,824.799988,789.185059,1360181
2/18/2016,829.049988,847,827.349976,843.950012,807.508179,1064582
2/19/2016,842,857,828.400024,851.549988,814.779968,1183068
2/22/2016,849.799988,849.799988,840.099976,845.950012,809.421753,923775
2/23/2016,845,849,827,828.950012,793.155762,630477
2/24/2016,829.599976,839,809,811.049988,776.028748,861124
2/25/2016,807,815,799.700012,808.75,773.828003,809816
2/26/2016,814.349976,832,814,824.650024,789.041443,1023912
2/29/2016,822,831.650024,795,813.25,778.133728,1547030
3/1/2016,813.900024,841.400024,809,832.150024,796.217712,1057236
3/2/2016,837,865,829.349976,854.849976,817.937439,1639639
3/3/2016,865,866.349976,851.599976,859.299988,822.195251,1007921
3/4/2016,860.200012,861.099976,830.349976,835.400024,799.327332,1777388
3/8/2016,835.400024,835.400024,809.450012,815.25,780.047424,3245006
3/9/2016,813.950012,818,801.349976,815.650024,780.430115,6110739
3/10/2016,821.799988,822.900024,806.400024,817.849976,782.535095,2507897
3/11/2016,817,825,812.5,823.049988,787.51062,2120515
3/14/2016,823.849976,830.400024,822,827.900024,792.151184,1426361
3/15/2016,826,826.950012,810.5,811.849976,776.794128,1355645
3/16/2016,813.450012,816.5,807.5,814.900024,779.712524,1218254
3/17/2016,820,829,810.549988,815.299988,780.095215,1714817
3/18/2016,816,828.799988,815,824.150024,788.563049,1661532
3/21/2016,828,828,815.200012,822.549988,787.032166,1658201
3/22/2016,820.75,831,817,828.450012,792.677368,2733211
3/23/2016,828,830,813.400024,817.700012,782.391479,2509320
3/28/2016,817.700012,826.5,806.450012,810.650024,775.646057,2957244
3/29/2016,814.599976,816.200012,799.900024,806.799988,771.962158,2531685
3/30/2016,805.450012,822,805.450012,820.599976,785.16626,2302342
3/31/2016,815,824.5,809.900024,814.099976,778.947083,4586967
4/1/2016,820,824,807,820.400024,784.975037,2664808
4/4/2016,815,841.950012,815,839.849976,803.585083,2830985
4/5/2016,839.849976,848.900024,832.549988,843.25,806.838379,2499888
4/6/2016,847,847.950012,826.099976,838.75,802.532715,1082920
4/7/2016,846.900024,846.900024,827,828.450012,792.677368,940830
4/8/2016,831.849976,836,825.599976,833.099976,797.126648,722892
4/11/2016,836.450012,841.950012,824.400024,839.299988,803.058899,970273
4/12/2016,843,845,831.25,839.650024,803.39386,709686
4/13/2016,844.950012,846.5,835.150024,837.549988,801.38446,1318204
4/18/2016,837.549988,860.650024,837.549988,853.299988,816.454346,2926522
4/20/2016,853.299988,862.5,835.5,841.200012,804.876831,1389011
4/21/2016,844,855.349976,838.5,846.25,809.70874,1117527
4/22/2016,838.349976,852.900024,838.349976,845.150024,808.656433,1110859
4/25/2016,841.25,850,841.25,845.099976,808.608459,831430
4/26/2016,839.049988,855.400024,833.150024,849.799988,813.105469,1128563
4/27/2016,849.5,855.900024,831.049988,837.549988,801.38446,2275086
4/28/2016,805,823,796.650024,799.900024,765.360229,8921956
4/29/2016,794,794,747.200012,750.299988,717.901917,8989331
5/2/2016,750,756.299988,740.099976,742.200012,710.151672,2510583
5/3/2016,747,747.549988,726.049988,728.400024,696.947571,3499904
5/4/2016,727,740.5,726.25,737.099976,705.271912,3202055
5/5/2016,736.799988,739.799988,725.5,732.900024,707.008301,2538933
5/6/2016,732.950012,732.950012,721,722.599976,697.072205,3068239
5/9/2016,724,733,718.25,721.400024,695.914673,3692451
5/10/2016,723.5,724.200012,716.099976,718.799988,693.406433,2700968
5/11/2016,711,716.799988,706.400024,708.75,683.711426,4210844
5/12/2016,711,718.900024,709.5,714.700012,689.451294,1779323
5/13/2016,718,727,713,723.150024,697.602783,3575454
5/16/2016,725.549988,725.599976,716.150024,718.950012,693.551208,1616514
5/17/2016,720,739,720,732.299988,706.429443,3917360
5/18/2016,732,744.599976,727,742.25,716.028015,2124598
5/19/2016,738,744,727.5,730.099976,704.307251,1745341
5/20/2016,729,740,729,736.650024,710.625916,1923380
5/23/2016,738.349976,739.849976,732,733.549988,707.635315,1038296
5/24/2016,735,741.450012,730.049988,739.25,713.133972,1395015
5/25/2016,742,750.400024,740.150024,749.349976,722.877197,1686747
5/26/2016,751.049988,752,736.650024,740.900024,714.725708,3231109
5/27/2016,742.599976,759.700012,742.599976,757.599976,730.835693,3045095
5/30/2016,761.099976,763.700012,745.200012,747.549988,721.140869,1593326
5/31/2016,748,753.349976,736.349976,739.799988,713.664551,15048108
6/1/2016,744,744.349976,731.700012,734.549988,708.600098,2246778
6/2/2016,735,739.599976,715.5,721.349976,695.866455,4293828
6/3/2016,725.299988,726.450012,720.700012,721.900024,696.396912,1503353
6/6/2016,722,728.700012,715.599976,724.599976,699.001648,2040535
6/7/2016,728,731.450012,721.599976,726.700012,701.027344,2492188
6/8/2016,729,745,728.349976,743.5,717.233826,1900304
6/9/2016,748.700012,755.900024,744,753.049988,726.446472,2778851
6/10/2016,750,758,745.950012,751.049988,724.51709,5785832
6/13/2016,745,756,741.700012,753.650024,727.025269,2065113
6/14/2016,755,764.950012,744.049988,752.400024,725.819519,1646371
6/15/2016,751,757.299988,749.950012,755.200012,728.52063,979272
6/16/2016,752.549988,754,742.5,751.700012,725.144226,1133152
6/17/2016,750,755,747.849976,753.650024,727.025269,2717006
6/20/2016,749.950012,781.450012,747.849976,770.650024,743.424744,4132686
6/21/2016,768.5,775.799988,766.200012,770.099976,742.894104,1466470
6/22/2016,774,774,766.299988,770.450012,743.231812,1567059
6/23/2016,770,772,762,769.799988,742.604675,1292218
6/24/2016,743.950012,746.700012,723.299988,741.849976,715.642151,3081689
6/27/2016,730.200012,749,721,735.049988,709.082336,1443753
6/28/2016,729,737.5,711.150024,713.200012,688.004272,2842681
6/29/2016,715.700012,729.950012,708,728.450012,702.715515,2483234
6/30/2016,729.200012,735.450012,726.400024,730.450012,704.644897,2396993
7/1/2016,735,736.799988,730,731.700012,705.850769,1011883
7/4/2016,735,750,734.049988,748.349976,721.912476,1631809
7/5/2016,748,748,732.200012,738.400024,712.314087,1867820
7/7/2016,738.400024,741,715.75,717.099976,691.766418,3432568
7/8/2016,715,725.75,715,721.849976,696.348694,851316
7/11/2016,722,726.599976,715.049988,716.799988,691.477051,2124375
7/12/2016,718,723.299988,716.049988,721.349976,695.866455,1614918
7/13/2016,722.5,724,716.599976,720,694.564087,3356550
7/14/2016,721.5,729.900024,719.599976,728.25,702.522583,1084386
7/15/2016,732.900024,740,710.25,717.5,692.152405,2967531
7/18/2016,722.200012,724.700012,715,722.5,696.975708,928673
7/19/2016,717.75,731.700012,717.75,730.150024,704.35553,1734756
7/20/2016,724.900024,731.900024,716.599976,730,704.210815,1222225
7/21/2016,730,730.900024,720.150024,723.549988,697.988708,885024
7/22/2016,725,730,721.599976,729.200012,703.439087,914314
7/25/2016,729.5,741,725,740.400024,714.243408,1488302
7/26/2016,738.900024,747.400024,736.25,745.25,718.922058,1349165
7/27/2016,747,754.900024,742.5,753.5,726.880615,1677289
7/28/2016,757.5,758.950012,746.099976,750.799988,724.27594,2277034
7/29/2016,749,758,745.5,752.950012,726.349976,847328
8/1/2016,753,791,752.5,780.450012,752.87854,3026539
8/2/2016,785.849976,804.900024,781.150024,800.75,772.461304,4700089
8/3/2016,857,858.5,816.349976,826.150024,796.96405,9552545
8/4/2016,833,836,820.099976,823.849976,794.745239,1485837
8/5/2016,824.799988,831.450012,817.299988,821.75,792.719482,1300356
8/8/2016,822,829.400024,811.599976,819.099976,790.163025,1514566
8/9/2016,821,824.599976,811.049988,816.849976,787.992615,1240369
8/10/2016,816.75,820,805.549988,818.150024,795.086853,1152698
8/11/2016,820,827.450012,813.799988,824.549988,801.306458,1739623
8/12/2016,826.049988,835.5,807,814.200012,791.24823,1651570
8/16/2016,814.200012,823.799988,785.549988,792.349976,770.014038,2244771
8/17/2016,790,800.849976,782,784.549988,762.43396,2367829
8/18/2016,789.799988,792.400024,780.099976,785.799988,763.648743,1541722
8/19/2016,785,794.400024,779.599976,781.849976,759.81012,1309172
8/22/2016,784.950012,787.349976,765,772.25,750.480713,1346765
8/23/2016,776,795.849976,771.599976,791,768.702209,1707691
8/24/2016,795,798.349976,781.099976,790.349976,768.070435,1208724
8/25/2016,798,805,794.049988,798.049988,775.553406,2212911
8/26/2016,798,800.450012,772.799988,778.75,756.797424,1662032
8/29/2016,782.950012,782.950012,751.099976,755.099976,733.814148,1530452
8/30/2016,756,775.75,753.900024,773.900024,752.084167,2160269
8/31/2016,774,793.450012,773.049988,778.549988,756.603088,2792176
9/1/2016,781.299988,789.549988,779.099976,783.799988,761.705139,1298758
9/2/2016,786.950012,787.5,779.099976,784.549988,762.43396,1131826
9/6/2016,784.549988,788.299988,774.700012,785.599976,763.454346,1522299
9/7/2016,791.900024,807,783,787.099976,764.912048,1789682
9/8/2016,781.5,781.900024,750.5,773.950012,752.132874,2579366
9/9/2016,774,789.5,773,780.549988,758.546692,1467060
9/12/2016,772,792.099976,770,782.700012,760.636169,2385247
9/14/2016,782.700012,794.650024,775,776.349976,754.465088,1623566
9/15/2016,782.950012,784.5,775,779,757.040405,953499
9/16/2016,782,790.950012,774,786.349976,764.183167,2159427
9/19/2016,790,798.200012,781.900024,789.049988,766.807129,1883283
9/20/2016,794.950012,795.75,784.5,792.049988,769.722534,1515605
9/21/2016,793.950012,798,788.5,792.599976,770.257019,1403065
9/22/2016,799,799.950012,783.799988,788.849976,766.612732,1117361
9/23/2016,794.650024,804,792.400024,797.25,774.77594,2605785
9/26/2016,795.049988,796.950012,785.650024,788.950012,766.709961,1825995
9/27/2016,788.950012,799.799988,784,795.849976,773.415405,1631598
9/28/2016,798,801.900024,790,796.299988,773.852722,1533187
9/29/2016,799,804.599976,781.299988,791.049988,768.750732,2846344
9/30/2016,797,804,787,799.900024,777.351318,1831300
10/3/2016,805,812,794.400024,808.599976,785.80603,1516868
10/4/2016,812.5,821,810,818.150024,795.086853,1506687
10/5/2016,818.25,823.25,806.25,816,792.997437,798470
10/6/2016,816,816.75,797.200012,801.549988,778.954712,1588731
10/7/2016,802.150024,809.450012,785.299988,806.549988,783.813721,767927
10/10/2016,802,815.849976,802,813,790.08197,769244
10/13/2016,813,825.099976,790.650024,803.299988,780.655396,2076011
10/14/2016,804,822.5,799.849976,812.700012,789.790466,1376193
10/17/2016,817.599976,818,803,808.400024,785.611633,740093
10/18/2016,812,836.400024,812,834.799988,811.267517,1326969
10/19/2016,834.599976,841.650024,826,830.549988,807.137329,2139260
10/20/2016,829.549988,833,812.049988,815.549988,792.56012,2488727
10/21/2016,823,848.700012,821.25,831.75,808.303467,5141259
10/24/2016,831.25,836.900024,808.650024,810.650024,787.798279,1707222
10/25/2016,806.75,811.5,802.5,804.549988,781.870239,1734565
10/26/2016,801.700012,803.849976,787.599976,790.849976,768.556335,1611775
10/27/2016,784.799988,786.650024,771.299988,774.299988,758.225403,2025316
10/28/2016,774.150024,781.200012,760,763.150024,747.306946,2711466
11/1/2016,763.150024,776.400024,763.150024,772.900024,756.854492,1098171
11/2/2016,765,773,763,764.299988,748.432983,1027083
11/3/2016,765.900024,769.25,760.5,763.099976,747.257874,1203338
11/4/2016,763,799,763,794.75,778.250854,2841663
11/7/2016,800,827.5,794.900024,817.200012,800.234802,2993787
11/8/2016,811,815.900024,791.25,809,792.205078,1257371
11/9/2016,765,797.75,763.150024,784.849976,768.556335,2648398
11/10/2016,790.049988,805.799988,776,789.650024,773.256775,1822273
11/11/2016,784.849976,793,755,764.099976,748.237122,2521761
11/15/2016,764.099976,787,736,770.75,754.749084,2628788
11/16/2016,776,787.950012,764.25,773.849976,757.784668,2281346
11/17/2016,766,776,756,760.150024,744.369141,2688419
11/18/2016,757.599976,778.950012,757.599976,763.849976,747.992371,1841117
11/21/2016,765,779.5,755.200012,758.349976,742.606506,1077860
11/22/2016,765,767.5,755.049988,762.099976,746.278687,1031823
11/23/2016,763,768.700012,756.450012,763.450012,747.600647,900878
11/24/2016,765,772.650024,753,767.799988,751.860352,2093744
11/25/2016,771.950012,812,770.049988,801.950012,785.301331,2738666
11/28/2016,806,811.150024,790.349976,806.049988,789.316284,1516524
11/29/2016,806,813.700012,799.299988,805.299988,788.581787,823680
11/30/2016,810,810.450012,798,803.799988,787.112976,1531730
12/1/2016,803.900024,806.5,792,803.099976,786.427429,1256375
12/2/2016,801.700012,816.900024,790,793.599976,777.124695,1051697
12/5/2016,789.549988,801.450012,782.200012,793.400024,776.928894,753658
12/6/2016,798,801.5,778.400024,780.900024,764.688354,778814
12/7/2016,786.700012,789.099976,771.099976,785.349976,769.045959,810851
12/8/2016,789,797,783,794.849976,778.348755,1031818
12/9/2016,797,805.900024,783.25,803.299988,786.623352,1349777
12/12/2016,796,803.549988,790.650024,799.799988,783.196045,1505531
12/13/2016,801.049988,803.900024,791.200012,800.950012,784.322205,938976
12/14/2016,806.099976,824.299988,796.25,820.799988,803.760071,1860577
12/15/2016,822,840,822,832.150024,814.87439,2800815
12/16/2016,835.799988,835.799988,815.200012,820.599976,803.564148,1316441
12/19/2016,820.599976,826.900024,815,824.700012,807.579163,1074079
12/20/2016,825,834.150024,824.349976,830.150024,812.915955,1402284
12/21/2016,835,836.799988,816.299988,820.799988,803.760071,1031894
12/22/2016,818.299988,822.900024,806,817.099976,800.136841,791257
12/23/2016,816,816,791,793.75,777.271606,1452634
12/26/2016,791.900024,797.799988,783.299988,790.400024,773.99115,558575
12/27/2016,788.900024,809.900024,787,804.849976,788.141174,505709
12/28/2016,810,817.75,804.150024,807.049988,790.295471,717216
12/29/2016,807.099976,824.900024,805.299988,819.349976,802.340149,1780001
12/30/2016,822,830,814.900024,827.950012,810.761597,1025942
1/2/2017,823,834,822.299988,828.5,811.300293,421243
1/3/2017,831,837,823.5,835.150024,817.812195,718533
1/4/2017,835.549988,860,833.049988,856.950012,839.159546,2116878
1/5/2017,860,869.75,840.099976,844.650024,827.114929,2078807
1/6/2017,835,840.299988,806.75,814.400024,797.492981,2795799
1/9/2017,806.5,840.150024,805.950012,838.299988,820.896667,1919794
1/10/2017,842.700012,844,834.5,837.849976,820.456116,1306967
1/11/2017,839.5,844.5,826.75,833.25,815.951599,1383056
1/12/2017,830.049988,849.900024,830.049988,847.700012,830.101624,1645278
1/13/2017,850.200012,857.950012,838.599976,850.25,832.598633,2286999
1/16/2017,847.900024,847.900024,826.799988,830.549988,813.307617,1214669
1/17/2017,827,843.5,827,837.75,820.358154,2049631
1/18/2017,837.5,845.549988,836.25,844.049988,826.527344,1084391
1/19/2017,844,851.450012,837.599976,844.150024,826.625305,1056038
1/20/2017,840,845,833.700012,838.75,821.337524,1109895
1/23/2017,834,860.5,828,857.299988,839.502258,1984508
1/24/2017,842,854,826.900024,848.799988,831.178772,3695312
1/25/2017,853,857.299988,837.549988,841.25,823.785461,1927869
1/27/2017,841.25,849.900024,840.650024,844.200012,826.674316,1349564
1/30/2017,831.099976,842.400024,828.099976,840.25,822.806274,949534
1/31/2017,835.25,837.299988,787.099976,811.150024,794.310364,4822547
2/1/2017,805,819.5,778.650024,813.950012,802.991943,4516615
2/2/2017,814,834.099976,810.150024,827.150024,816.014221,1880043
2/3/2017,825,835.700012,816.849976,830.75,819.565796,1128529
2/6/2017,835,836.5,816.599976,824.099976,813.005188,1092538
2/7/2017,824,827.700012,812,815.700012,804.718384,1302540
2/8/2017,819,819.049988,804.75,808.5,797.615356,1412405
2/9/2017,810.950012,822.299988,802.049988,819.700012,808.66449,1565134
2/10/2017,822.099976,830,812.299988,828.400024,817.247437,1775497
2/13/2017,831,833.650024,821,827.299988,816.16217,604628
2/14/2017,829.200012,834.450012,824.5,832,820.79895,1123252
2/15/2017,832,838.599976,822.599976,830.299988,819.121765,997883
2/16/2017,827.25,846.900024,827.25,845,833.623901,1720661
2/17/2017,850,850,831.099976,839.25,827.951294,1039851
2/20/2017,842,847,837.25,844,832.63739,665504
2/21/2017,844.099976,862.5,844.099976,851.299988,839.83905,1537048
2/22/2017,852.299988,865,830.549988,834.200012,822.96936,1743670
2/23/2017,835,851,835,842.849976,831.502808,3388092
2/27/2017,842.849976,851.349976,836.049988,839.950012,828.641907,1192619
2/28/2017,844,846,835.849976,840.099976,828.789856,1143055
3/1/2017,843,851,839.549988,849.099976,837.668701,1096847
3/2/2017,850,853.5,839.299988,843.75,832.390686,867846
3/3/2017,844,854.799988,835.150024,852.900024,841.417542,856232
3/6/2017,850.700012,867.700012,846.099976,855.549988,844.03186,1542308
3/7/2017,861.700012,861.700012,852.200012,857.349976,845.807556,747022
3/8/2017,857,858,844.25,847.700012,836.287537,729264
3/9/2017,854,854,842.349976,844.349976,832.982605,766917
3/10/2017,849.349976,858,840.900024,846.349976,834.955688,706308
3/14/2017,846.349976,865,846.349976,853.599976,842.108154,1585864
3/15/2017,850.5,855.900024,837.25,842.900024,831.552246,1239266
3/16/2017,860.799988,863.900024,849.599976,855.400024,843.883911,1845233
3/17/2017,857.25,871,853,865.75,854.094543,1993510
3/20/2017,871.950012,879,861.150024,864.349976,852.713379,1696484
3/21/2017,865,874.400024,851.950012,859.299988,847.731384,3683257
3/22/2017,850.700012,874.700012,848.5,872.75,861.000244,1682118
3/23/2017,871.049988,880,868.950012,876.650024,864.847778,1424139
3/24/2017,872.299988,876.5,871.150024,873.049988,861.296265,875510
3/27/2017,868,873.200012,847.049988,852.150024,840.677612,1176930
3/28/2017,855.549988,870.75,852.150024,859.900024,848.323242,898111
3/29/2017,865.400024,879.5,859.599976,877.599976,865.784973,2121269
3/30/2017,870,881.700012,865.049988,875.849976,864.058594,1463739
3/31/2017,884,890.150024,867,874.75,862.973328,2157290
4/3/2017,874.099976,878.25,858.5,866.25,854.58783,937377
4/5/2017,866.25,869,846.400024,850.5,839.049805,1789353
4/6/2017,848,856.549988,847,853.5,842.00946,1044905
4/7/2017,853.900024,858.599976,846.900024,849.299988,837.865967,1029887
4/10/2017,849,857.5,831,833.049988,821.834717,742543
4/11/2017,835,838,826,833.799988,822.574646,1310273
4/12/2017,831.349976,834.950012,827,831.650024,820.453674,655944
4/13/2017,832.5,832.5,805.400024,809.099976,798.207153,1146682
4/17/2017,809.099976,817.5,800.150024,810.799988,799.884338,702047
4/18/2017,812,819.950012,804,808.049988,797.171326,1014282
4/19/2017,806.5,819.549988,803.950012,808.599976,797.713867,1318100
4/20/2017,810.75,815.900024,808.599976,814.900024,803.929138,539804
4/21/2017,817,821.450012,807.799988,812.75,801.808105,890155
4/24/2017,813,824,809.25,819.549988,808.516541,686984
4/25/2017,824,825.849976,813.599976,819.950012,808.911072,1097301
4/26/2017,821.900024,822,796.549988,800.25,789.476318,959124
4/27/2017,797,820,796.200012,809.700012,798.799072,2820167
4/28/2017,812.900024,820,799.75,814.099976,803.139832,1397069
5/2/2017,814.099976,825.450012,811.700012,822.049988,810.982849,861366
5/3/2017,824.950012,837.5,821,835.099976,823.857117,994932
5/4/2017,836.099976,842.599976,808.150024,818,806.987366,1379248
5/5/2017,820.950012,832,814.299988,829.599976,818.431152,928408
5/8/2017,829.849976,845,825.700012,840.200012,828.88855,790817
5/9/2017,845,854.849976,839.950012,849.75,838.309937,907261
5/10/2017,848.75,850.900024,838.099976,843.599976,832.242676,757706
5/11/2017,857.799988,858.799988,835.599976,838.700012,827.408691,3514917
5/12/2017,840,848.200012,839.049988,847.650024,836.23822,1647701
5/15/2017,848.5,850,845,848.549988,837.126099,687573
5/16/2017,850,856.099976,848.049988,849.599976,838.161926,2974402
5/17/2017,852,855.299988,842.200012,853.549988,842.058777,1373559
5/18/2017,850.849976,872.25,844.25,848.400024,836.978149,3658681
5/19/2017,853,854.5,844.099976,844.700012,833.327881,1448031
5/22/2017,850,862.25,848,857.450012,845.906311,2892269
5/23/2017,863,870.799988,859.150024,864.900024,853.255981,3213521
5/24/2017,854.900024,857.950012,840,854.849976,849.232544,2016518
5/25/2017,860.25,867.5,852.599976,859.599976,853.951294,2948039
5/26/2017,857.700012,866,855.450012,859.099976,853.45459,1302415
5/29/2017,858.900024,872,851.450012,864.450012,858.769531,1843315
5/30/2017,864.450012,871.950012,852.950012,868.150024,862.44519,1413415
5/31/2017,864.099976,869.299988,858.25,864.25,858.570801,2873557
6/1/2017,863,871,859.150024,862.25,856.583923,921583
6/2/2017,862.799988,869.700012,853.700012,857.900024,852.262512,1111787
6/5/2017,856,866.900024,856,858.700012,853.057251,1408309
6/6/2017,875.5,909.599976,866.099976,889.450012,883.605225,6626885
6/7/2017,893.349976,894.900024,864.549988,880.5,874.713989,3366974
6/8/2017,880,880.400024,865,868.349976,862.64386,1415310
6/9/2017,866.549988,872.900024,856.599976,860.75,855.09375,1350514
6/12/2017,862.799988,868.650024,852.049988,865.549988,859.862244,1032713
6/13/2017,862,864.900024,842.299988,847.150024,841.583191,1243895
6/14/2017,849.5,856.049988,841,853.650024,848.040527,900768
6/15/2017,853,853,841.5,844.400024,838.851318,1773645
6/16/2017,842,847,835,839,833.486694,1912330
6/19/2017,839.5,845.900024,830.299988,842.5,836.963745,845428
6/20/2017,845,855.049988,843,854.25,848.636536,1041129
6/21/2017,854,854,838.099976,843.450012,837.907471,909654
6/22/2017,849,854,836.200012,849.150024,843.570068,1447792
6/23/2017,850,858,842.349976,851.849976,846.252258,1080944
6/27/2017,851.849976,859,833.200012,840.200012,834.678833,1092395
6/28/2017,838.5,857.25,833.299988,848.400024,842.824951,1238382
6/29/2017,851.900024,857,842.5,847.599976,842.030212,1492110
6/30/2017,848.450012,855.950012,838.400024,850.900024,845.308594,1128557
7/3/2017,852,853.950012,832.299988,838.150024,832.642334,1976838
7/4/2017,848.400024,849.950012,838,841.549988,836.019958,990750
7/5/2017,839,841.200012,835.099976,837.5,831.996582,1210254
7/6/2017,840,842.400024,835.700012,840.650024,835.125916,686530
7/7/2017,840.5,840.5,828.799988,831.900024,826.433411,1151617
7/10/2017,838.400024,853.799988,838,849.650024,844.066772,195219
7/11/2017,845.650024,869,845.650024,850.650024,845.060181,1496700
7/12/2017,850.099976,858.5,846.049988,854,848.388123,602978
7/13/2017,856.099976,863.900024,855.5,858.599976,852.957947,956409
7/14/2017,860,860.400024,845.049988,850.349976,844.762146,644058
7/17/2017,849,870,843.900024,868.099976,862.395508,909007
7/18/2017,869.099976,884.299988,868.349976,880.700012,874.91272,988689
7/19/2017,885,899.599976,885,895.400024,889.516174,1456444
7/20/2017,899,899,882.400024,885.650024,879.8302,806884
7/21/2017,884,908,884,904.950012,899.003357,1241810
7/24/2017,904.950012,912,901.200012,907.400024,901.437256,1502220
7/25/2017,902,904.900024,886,895.049988,889.168396,1792333
7/26/2017,893,903.5,884,892.700012,886.833862,1511857
7/27/2017,903,928,885.349976,890.25,884.399902,4659826
7/28/2017,888,896.900024,841,893.099976,887.231201,1521381
7/31/2017,888,898,878.450012,892.900024,887.032593,947283
8/1/2017,889,898,878,884.200012,878.389771,1332277
8/2/2017,888,893,876.900024,882,876.204224,829090
8/3/2017,882.200012,884.400024,870.950012,875.75,871.972473,1272005
8/4/2017,875,894.5,873.099976,890.650024,886.808289,570710
8/7/2017,890,894.700012,881.400024,886,882.178284,823485
8/8/2017,882.599976,885.400024,876.099976,882,878.195557,865948
8/9/2017,871,884.650024,871,878.75,874.959534,535846
8/10/2017,873.049988,886,870.799988,882.900024,879.091736,846537
8/11/2017,878.099976,889.200012,864.549988,872.299988,868.537354,1692430
8/14/2017,873,878.400024,856.049988,860.099976,856.390015,404049
8/16/2017,860.099976,868.650024,851,864.5,860.771057,1125005
8/17/2017,872.400024,875.099976,860.75,871.400024,867.641296,801175
8/18/2017,873.849976,884.700012,863.549988,876.25,872.470337,1064955
8/21/2017,877.75,885,870.200012,874.049988,870.279785,669837
8/22/2017,881,886.25,873.299988,875.849976,872.072083,753231
8/23/2017,877.900024,882.950012,863,880,876.204224,754889
8/24/2017,884,884,866,867.5,863.758057,812123
8/28/2017,867.5,874.549988,857.849976,867.650024,863.907471,896254
8/29/2017,868,869.599976,850,852.549988,848.87262,972794
8/30/2017,857,858,843.25,849.200012,845.537048,1693925
8/31/2017,850,870.400024,840.200012,865.299988,861.567566,2509541
9/1/2017,863.599976,885,855,865.75,862.015625,800259
9/4/2017,873.900024,873.900024,857,860.599976,856.887817,574971
9/5/2017,858,862.5,848.400024,859.900024,856.190918,547807
9/6/2017,863,872,846.200012,851.049988,847.379028,829386
9/7/2017,857.400024,863.700012,851.25,859.299988,855.593445,1474659
9/8/2017,866.900024,869.5,856.099976,859.5,855.792664,1160052
9/11/2017,862,867.299988,852,860.700012,856.987488,719804
9/12/2017,867,867,856.150024,864.049988,860.322937,849369
9/13/2017,864,875,861.700012,871.299988,867.541687,1118654
9/14/2017,876,882.049988,871.299988,880.799988,877.000732,1163826
9/15/2017,881.799988,893.349976,868.299988,887.049988,883.223755,1751190
9/18/2017,890,898.5,889,897.349976,893.479309,680969
9/19/2017,898,898,889.25,893.650024,889.795349,547863
9/20/2017,895,896.650024,885,889.450012,885.613464,896483
9/21/2017,890.799988,894,869.049988,870.299988,866.546021,2598761
9/22/2017,870,890,869.599976,884.450012,880.63501,3140767
9/25/2017,880,884,870.099976,874.049988,870.279785,1775448
9/26/2017,878.900024,886.900024,864.299988,873.650024,869.881592,1723425
9/27/2017,875.950012,880.950012,872.099976,874.650024,870.877258,1270941
9/28/2017,874.650024,880.75,861.650024,875.200012,871.424866,3096534
9/29/2017,877,886.25,866.700012,874.799988,871.026611,1180135
10/3/2017,874.799988,887.450012,874.799988,882.549988,878.743164,1342122
10/4/2017,883.900024,888.450012,878,886.599976,882.775696,620450
10/5/2017,888,901.700012,885.150024,893.150024,889.297485,1776088
10/6/2017,887.799988,909,887.799988,907.900024,903.983826,1820474
10/9/2017,907.75,907.75,897.450012,902.799988,898.905823,603231
10/10/2017,905,917,897.099976,899.599976,895.719604,1711580
10/11/2017,899.5,916,899.5,908.950012,905.029297,2168747
10/12/2017,912,920,906.299988,916,912.048889,1038312
10/13/2017,919.75,936,913.900024,926.5,922.503601,1105342
10/16/2017,926.5,932.900024,920,923,919.018677,825577
10/17/2017,918.299988,933.849976,918.299988,923.299988,919.317444,480212
10/18/2017,926,931,917.799988,923.700012,919.715698,580343
10/19/2017,916.599976,926,916.599976,922.299988,918.321716,29194
10/23/2017,922.299988,943.799988,922.099976,937.25,933.207275,1798697
10/24/2017,939,939.5,908.049988,914.549988,910.605164,1577826
10/25/2017,894.400024,924,876,907.049988,903.137512,3073840
10/26/2017,906.75,910,858,869.049988,865.301392,5782571
10/27/2017,870.049988,871.799988,852.25,854.950012,851.262268,2296184
10/30/2017,860,863.450012,832,836.349976,832.742432,3625726
10/31/2017,840,860.650024,837,855.799988,852.108521,1479364
11/1/2017,860,860.650024,838,840.650024,838.984619,1628831
11/2/2017,844.400024,860,841.150024,857.900024,856.200439,1482841
11/3/2017,860,860,844.950012,847.150024,845.471741,1380586
11/6/2017,852,855.25,837.599976,845.049988,843.375854,1136684
11/7/2017,850,880,844.299988,876.75,875.013062,2980306
11/8/2017,882,884.75,865.349976,878.599976,876.859375,1910907
11/9/2017,879.5,888.450012,872.450012,875.950012,874.214661,800226
11/10/2017,880.950012,880.950012,862.700012,867.049988,865.332275,1535400
11/13/2017,864.5,878.400024,864.5,869.5,867.777466,2661020
11/14/2017,868,884.849976,866.099976,869.799988,868.076843,1006447
11/15/2017,877,877,846,848.349976,846.669312,1561073
11/16/2017,849.700012,858.700012,838.700012,851.900024,850.212341,1090535
11/17/2017,848.900024,856.200012,838.5,840,838.335876,1548494
11/20/2017,843,848.450012,836.900024,842.150024,840.481628,1130239
11/21/2017,843.099976,846.200012,835.099976,837.700012,836.040466,1493571
11/22/2017,838.549988,844.299988,834.400024,842.150024,840.481628,1134718
11/23/2017,848,856,842.200012,853.700012,852.008789,1166224
11/24/2017,855,863.5,855,858.400024,856.699463,823378
11/27/2017,857.5,863,853.099976,860.700012,858.994873,796370
11/28/2017,861,864.049988,856.799988,859.25,857.547729,1054325
11/29/2017,860,862.950012,846.150024,853.150024,851.459839,761835
11/30/2017,850,857.900024,842.299988,848,846.320068,3411303
12/1/2017,847,849.950012,827.099976,830,828.355713,1384262
12/4/2017,836,849.700012,824.849976,847.950012,846.270142,896884
12/5/2017,847.900024,852.900024,839.099976,848,846.320068,990049
12/6/2017,845.5,860.150024,845,858.599976,856.899048,1589728
12/7/2017,860.150024,867,853.599976,863.5,861.789368,1225073
12/8/2017,869.700012,872.799988,863.400024,870.450012,868.725586,869923
12/11/2017,874.5,882,871.75,880,878.256653,798504
12/12/2017,881,881.799988,870.25,875.200012,873.466187,1460812
12/13/2017,870,873.549988,863.049988,866.349976,864.633667,4304970
12/14/2017,863,885.049988,862.200012,882.849976,881.100952,3182520
12/15/2017,888.900024,896.450012,885,891.799988,890.033264,2234611
12/18/2017,888.099976,891.75,875.75,885,883.246765,1307831
12/19/2017,889,889,865,869.450012,867.727539,1985594
12/20/2017,870,875,864,869.849976,868.126709,1054872
12/21/2017,874,892,871.450012,890.25,888.486328,1429683
12/22/2017,891,892.900024,878.099976,886.900024,885.143005,1052037
12/26/2017,886.900024,893.299988,882.049988,888.450012,886.689941,1063568
12/27/2017,886,891.599976,880.549988,883.650024,881.899414,400810
12/28/2017,882,890.849976,875.599976,878.299988,876.559998,1159863
12/29/2017,878.299988,901.75,875,890.5,888.73584,1546925
1/1/2018,889,890.700012,875.950012,878.700012,876.959229,643144
1/2/2018,876.900024,895,876.849976,892.799988,891.03125,953259
1/3/2018,893,907.799988,893,897.299988,895.522339,1291953
1/4/2018,896,899.450012,883.049988,893.099976,891.330688,596730
1/5/2018,888.25,903,882.299988,900.049988,898.266907,746146
1/8/2018,900.150024,903.400024,895.099976,900.5,898.716064,1176584
1/9/2018,900.5,902.849976,885,893.849976,892.079163,1252135
1/10/2018,892,918,891.099976,915.849976,914.035583,1700286
1/11/2018,919,924.900024,910.049988,916.900024,915.083557,2121723
1/12/2018,918.5,928,912.25,925.900024,924.065735,990349
1/15/2018,925,931.099976,905.5,909.25,907.44873,1268243
1/16/2018,914.099976,955,910,949.25,947.369446,4481702
1/17/2018,950,963.599976,943.299988,952.849976,950.96228,2749461
1/18/2018,953,959.650024,940.5,954.25,952.359558,934750
1/19/2018,957,967,946.150024,958.299988,956.401489,2374219
1/22/2018,960,974.900024,945,966.349976,964.435547,2215659
1/23/2018,969.950012,1000,968.549988,995.349976,993.378113,2507601
1/24/2018,994,1040.699951,992,1018.450012,1016.432373,4634888
1/25/2018,1018.799988,1020,990.049988,1009.549988,1007.549988,2653727
1/29/2018,1009.549988,1021,1005.049988,1012.049988,1012.049988,2006648
1/30/2018,1017.5,1017.5,998,1000.400024,1000.400024,1355676
1/31/2018,999.950012,1017.900024,981.700012,986.549988,986.549988,1610572
2/1/2018,982.099976,1014.950012,969,984.900024,984.900024,1527829
2/2/2018,980,1007.700012,977.849976,990.900024,990.900024,1672528
2/5/2018,990,1001.799988,980,993.150024,993.150024,1088789
2/6/2018,964.950012,968.75,948.049988,953.849976,953.849976,1655497
2/7/2018,958.200012,959,922,938.549988,938.549988,2025848
2/8/2018,945.75,963,937.5,944.349976,944.349976,1448268
2/9/2018,935,970.599976,922.549988,964,964,1728253
2/12/2018,965.5,972.75,937.349976,939.150024,939.150024,1487794
2/14/2018,939.150024,959.799988,930.299988,937.799988,937.799988,1444766
2/15/2018,944,949.650024,932,939.700012,939.700012,1140921
2/16/2018,945,970.950012,931,937.099976,937.099976,2849070
2/19/2018,937.849976,939.700012,900.099976,914.200012,914.200012,1462773
2/20/2018,916,925.200012,905,907.450012,907.450012,1231401
2/21/2018,918,947.799988,912,942.900024,942.900024,2784756
2/22/2018,943,963,931.549988,941,941,4093287
2/23/2018,948.900024,967.900024,942.900024,955.599976,955.599976,2837583
2/26/2018,955.900024,965.099976,943.049988,946.049988,946.049988,1056056
2/27/2018,953,958.599976,944,949.900024,949.900024,1439714
2/28/2018,954.900024,958.349976,935.799988,940.299988,940.299988,2559774
3/1/2018,943.799988,952.450012,938,942.799988,942.799988,1386115
3/5/2018,942.799988,944.650024,917.799988,932.099976,932.099976,1873852
3/6/2018,938,953,926.5,932.799988,932.799988,1464878
3/7/2018,938,952.799988,933.799988,949.549988,949.549988,2847610
3/8/2018,953,964,945.549988,950.650024,950.650024,2119175
3/9/2018,950,955.849976,940,943,943,732364
3/12/2018,950,976,949,967.650024,967.650024,2473118
3/13/2018,967.650024,969,945.599976,957,957,1256754
3/14/2018,962,968.150024,960,965.049988,965.049988,1177041
3/15/2018,968,972.599976,955.25,959.150024,959.150024,1295077
3/16/2018,960,979.549988,947.049988,967.599976,967.599976,4741036
3/19/2018,962.700012,963.599976,921,926.5,926.5,1659374
3/20/2018,925,947.75,915.599976,937.200012,937.200012,1853893
3/21/2018,945,949.900024,926.450012,937.349976,937.349976,1909490
3/22/2018,941,948.900024,925,930.549988,930.549988,1547643
3/23/2018,905,960.549988,903.549988,957.400024,957.400024,2739036
3/26/2018,957.200012,971,945,967.049988,967.049988,1785668
3/27/2018,975,978.900024,954.5,972.049988,972.049988,1247600
3/28/2018,961.549988,981.599976,955.049988,968.599976,968.599976,2310086
4/2/2018,968.599976,984.900024,964.799988,979.5,979.5,647823
4/3/2018,972.5,989,963.049988,969.25,969.25,1018000
4/4/2018,981,981.25,949.5,959.25,959.25,902390
